Id,Prediction
0,0.9995018064757106
1,0.9998807731843963
2,0.9997741275767493
3,5.314802090027225e-07
4,0.13508566779523534
5,0.9999982913025285
6,1.0200747204468458e-05
7,0.00011317299337494538
8,0.9992488172675472
9,0.99856133109866
10,0.9987674850536815
11,0.901294643138522
12,3.494843520418479e-05
13,0.0003132398860485021
14,0.002782797506815193
15,0.9579380369264555
16,0.9917297986858579
17,0.006417172507804434
18,3.105654948739887e-06
19,0.7913538394333889
20,1.1731327500421227e-05
21,0.0019111242202857958
22,0.0030527619030896896
23,0.9999988279384605
24,2.8732098974754177e-06
25,0.002809347898845071
26,0.9973160946090123
27,0.2212633560438265
28,0.9650450097500056
29,0.9999765470837185
30,0.9959600511923504
31,0.999997704545398
32,2.334404223885458e-05
33,0.8062711517241072
34,0.9999977378270719
35,0.00017021498408623356
36,0.9999838604871647
37,0.9999942761745618
38,0.9996313305531228
39,0.5685259629162608
40,0.9999580436690736
41,0.016276750018797505
42,0.0002850782797314939
43,4.204876245376219e-06
44,0.000581732290776955
45,0.00020055487114527026
46,0.6846341164960665
47,0.4792569735103081
48,0.9999687975948848
49,0.999997266953111
50,0.9985262873898453
51,0.9999999781102382
52,0.9994265307359568
53,6.422540316731659e-08
54,0.9999998985628443
55,0.004272410237952914
56,0.9998728241776871
57,0.9731915951337087
58,0.9126503502650457
59,0.9998342106277281
60,4.836004803466927e-09
61,0.00010095038816833537
62,0.968423881522045
63,5.070426029059199e-07
64,0.9985579747706667
65,0.9998857092170108
66,0.0019278349343970402
67,0.38510870927358826
68,0.999144098304795
69,5.4605069454640725e-09
70,7.914995176037318e-07
71,0.999987635551576
72,0.9999753070774505
73,0.9999999498285242
74,0.9994857118959825
75,0.9999914481911175
76,0.0003950702813873365
77,7.593851662187628e-07
78,0.9999978356417449
79,0.9982526738036458
80,0.9999935360803474
81,1.3738859948895672e-05
82,0.001926322354706514
83,0.9831289814607075
84,0.9979161725980578
85,0.002444901028252375
86,0.9999481361158193
87,5.924223351081906e-06
88,0.9999999906630009
89,0.9999991208569428
90,0.9986067261976315
91,0.00010784030074830615
92,1.5328711200684763e-05
93,0.999998044675953
94,0.9997704497284391
95,0.8567503166310951
96,3.134988659840125e-07
97,0.9999701054534087
98,1.6221473941571697e-05
99,0.9999977021146552
100,0.0006279304993880338
101,0.9999030084066174
102,0.9769018252257397
103,0.006167113574897787
104,0.9980947994735053
105,0.0003301570120173821
106,0.003169878374299528
107,0.9999993263743602
108,4.706173140587692e-05
109,0.9999999911351013
110,0.9999916037480909
111,0.0002395420948200929
112,0.9999864626715497
113,0.007009034997862881
114,0.1274973258860059
115,1.6397746307152584e-06
116,0.010698530965365707
117,0.9911815448852765
118,0.8567399076090246
119,0.9995935228266597
120,0.03497801808754711
121,0.999999997964754
122,1.46260888826816e-06
123,0.998710071505971
124,0.9999999232112181
125,0.9695361592457113
126,0.0028713027976663336
127,1.4647560335175158e-05
128,0.9999363343618107
129,0.9999992722592974
130,0.9999998915866368
131,3.314265338392389e-05
132,0.006203732763363522
133,0.9955012781426974
134,0.00019623020138378216
135,0.0010367054458665587
136,0.9792432884154407
137,0.0001730668141292153
138,0.9998321007360486
139,0.9992779884248524
140,0.8724129563491565
141,0.9999675932590256
142,0.9999827588080211
143,0.0006924051334548422
144,0.5266091125784599
145,2.7654311872603067e-05
146,0.9999679512851123
147,0.990375222379095
148,0.036819002575973994
149,0.0010720774681763588
150,0.9999979034106631
151,0.004523617244133677
152,0.9990408429420463
153,0.9995756365432237
154,0.9995705812168547
155,1.2641718421675246e-05
156,8.328782642196022e-05
157,0.9999238473653644
158,0.9989855296783736
159,0.004457320593433068
160,5.608178849934509e-05
161,0.9999992546623251
162,0.9999939449278877
163,0.7675732411380742
164,0.9647789797531179
165,0.9992330313701492
166,0.0036414502812382355
167,0.9999998852590316
168,0.0022293792429970262
169,0.999939453478988
170,0.9966807823924355
171,6.768197935469113e-06
172,0.0009341578747754205
173,0.998340456968411
174,0.9906283776774278
175,0.9999972376896957
176,0.9939691803837709
177,0.9993644539343844
178,0.022269991829029515
179,2.0620579980156425e-08
180,0.999998039776488
181,0.9999698981556557
182,0.002279184996240459
183,0.002500405516467834
184,0.0013871232384383004
185,0.9997690071237652
186,0.008153832490445965
187,0.9999869626051233
188,2.0345009003740557e-06
189,0.9999999974884108
190,0.8939154906060793
191,0.007728685213491231
192,0.9905890287098853
193,0.9998149284716665
194,0.00021634916842966695
195,0.0002035915800058193
196,0.0012784310049522916
197,0.9995553840233588
198,0.9999949969934576
199,0.00460189822288705
200,1.717484542907229e-05
201,0.0028582908975625116
202,0.9999928409822683
203,0.002518077879063989
204,0.9992126953594839
205,0.05337725644845436
206,0.0002553995410907009
207,0.9993439947895663
208,1.406143679814933e-05
209,0.9999940687860777
210,6.140309014703783e-05
211,3.670354706597537e-06
212,0.9999648209987043
213,0.9999862432714555
214,0.03474010826160761
215,0.9913738661801677
216,0.9999396859830886
217,0.8128930817157816
218,0.9989168145048846
219,0.9759599765411339
220,0.581925041741555
221,0.0003782113212714584
222,1.3304104224785393e-08
223,0.9997899717826495
224,0.0005988394327061711
225,0.9998520021055287
226,0.999426124093408
227,1.5268885979401924e-05
228,0.9638895326549376
229,1.5255438795422402e-05
230,0.6618060041894938
231,0.9646378865925479
232,0.0010824286937992395
233,0.9987496288243635
234,5.5498421496002235e-08
235,7.258534858650193e-05
236,2.5235020788698153e-09
237,4.154844271878189e-06
238,0.00011289043469441264
239,0.00024271430517302687
240,0.9999998633183271
241,0.9753951085312399
242,7.041512574740256e-06
243,0.9999990546584997
244,0.999967623140718
245,0.9861701713928728
246,0.8224546293173816
247,3.888020548238011e-06
248,0.9985226443079288
249,0.9998813413757327
250,5.098970068776023e-07
251,0.30584914755569687
252,0.9998074514722624
253,0.9818226709180494
254,0.0005744656897524209
255,0.00513220606627423
256,0.0019365857999681692
257,9.412801956889973e-07
258,0.9999986211039007
259,0.9998804703206943
260,0.9997894848638689
261,2.4557351041089847e-06
262,0.99996042495275
263,0.9999183959472532
264,7.907956424439694e-09
265,1.8210455759567693e-05
266,0.0021883248121947565
267,0.9999945832785425
268,0.0007109857089705178
269,0.00014457758872862134
270,2.031686707799374e-06
271,0.027230806787281667
272,0.9999964354887569
273,0.99000264699902
274,0.9999925600135392
275,0.9999997260300095
276,0.005420807136454697
277,8.219020999861511e-06
278,0.9999834662557722
279,0.9987632979412278
280,0.10877777296064993
281,0.9999099098786642
282,0.9654178891992529
283,0.9999653224097009
284,0.9999943205313307
285,0.9998019217671186
286,0.9994253526669281
287,0.9968480938375659
288,0.999851882294801
289,0.011208939438164974
290,0.999560192687369
291,6.241493743707881e-05
292,0.0005604625217404293
293,1.8581888781930737e-06
294,0.9999183102988392
295,3.75204085804804e-07
296,0.999909266065857
297,0.06517339372684137
298,0.9958590534144006
299,1.927771981041976e-06
300,9.298646559007314e-07
301,0.9998786102036139
302,2.4835967421497764e-05
303,0.999969660803101
304,0.9999753139349626
305,0.004022241444415049
306,0.9999946056479108
307,0.00017643200605978567
308,3.206518398252106e-07
309,0.9101068453664146
310,0.9999570163467778
311,0.9999996028659418
312,0.9374739396344309
313,0.0008300834799762018
314,2.1726289413130836e-05
315,0.9999900003557943
316,0.9999999937989141
317,3.867033681246622e-13
318,0.9842379222308314
319,0.9999887098029376
320,0.9999585219440089
321,0.9999900545313782
322,2.0622207663283257e-06
323,0.0027408919239686053
324,0.9996083019650962
325,0.9982247580022693
326,0.09423484194943174
327,0.9999905682445669
328,0.029244097071465983
329,0.9999996513110313
330,0.9990438203062538
331,0.5425014141512545
332,0.99999845726258
333,0.9933643570742059
334,0.00192363499256721
335,0.0001688319660235681
336,1.8030952015061817e-05
337,0.9999841378731275
338,0.0030694483034201915
339,0.0001426026178803484
340,0.0002489750570890998
341,2.1331008297886957e-05
342,0.9985425230605903
343,0.9571045797568469
344,0.003288491834269246
345,0.999404406522511
346,4.260990754480356e-06
347,0.9999938145964485
348,0.9795719320976498
349,0.9999999913884082
350,0.9991875523728428
351,0.9982923888853618
352,0.0023878315304217794
353,0.9999997891149947
354,0.9994035365911432
355,6.648061029808835e-05
356,0.9999979833686926
357,1.0199448748267786e-05
358,7.396200961438136e-06
359,2.655190842012714e-08
360,0.018960037970279772
361,0.0008047802811722803
362,0.9998788835491426
363,0.00013648478770092822
364,0.999945980900165
365,0.9998721250797089
366,0.998302416731355
367,0.9822230939952208
368,0.9998366076735349
369,0.00011805471343005722
370,0.002764141333686666
371,5.679488162414108e-10
372,0.9999993015084637
373,0.002094121273196097
374,0.9952847699527735
375,0.8519625964840991
376,5.173038859458843e-06
377,0.9969969013392758
378,0.00031137610323004114
379,0.9997585771017897
380,0.9992309286565538
381,4.8243626759674405e-05
382,0.09322083648986995
383,0.5761372327812578
384,0.9995316354590364
385,0.9950877645868293
386,4.229219741705407e-06
387,9.806522753968119e-05
388,1.4686408633453021e-07
389,0.4432501490415422
390,0.9749298933745355
391,0.9997539346150568
392,0.0465410326396288
393,0.003154722398660865
394,0.0024976347969059842
395,0.9961699767914628
396,0.00015511589767892134
397,1.938439073759969e-06
398,0.9999877128362561
399,0.009723560287699618
400,0.9999698670878002
401,0.9999965753941584
402,0.9990538485042
403,0.024839541614531318
404,0.0013606136504176723
405,0.0013131541806968483
406,3.0568314451806514e-07
407,0.04514351272462181
408,0.011088200065995502
409,0.9999808083585672
410,0.9999969957878402
411,0.9984232468197891
412,0.0008155146818377056
413,0.9963998248252564
414,0.0003950178357375115
415,4.344877033230034e-05
416,8.9781169308768e-06
417,3.2653616723383397e-06
418,0.0007457281622155576
419,0.7702358264133331
420,0.9999999385637459
421,2.755651547685373e-05
422,0.9774505951704646
423,0.05343467488329715
424,0.999980932365993
425,7.942801926889755e-08
426,0.9997163048358285
427,0.009446566602853366
428,2.359797241736959e-05
429,0.4483268441853315
430,0.9996608875367263
431,1.8924248430818815e-08
432,0.00018312176724037362
433,0.9999696041547573
434,0.00012333134958732552
435,2.2719938031961382e-07
436,0.9998964137195708
437,0.999999939479394
438,6.009192375384812e-10
439,0.9844560840844564
440,0.9999793815907451
441,0.9996794782218524
442,2.544215913302352e-07
443,0.0004067815998317767
444,0.9999949024137674
445,7.264636758215454e-05
446,0.9999999976445064
447,0.9999999977372016
448,0.9999264746438238
449,1.562814209958904e-05
450,0.01026365866402581
451,0.991065175836939
452,1.1363387900936569e-07
453,0.00018955518660219872
454,0.00020392982974333553
455,0.01234131656768769
456,0.00021559180326183512
457,6.528063160257942e-10
458,1.431135480899949e-06
459,0.0001077649353885226
460,0.9999188425559051
461,0.00497629341241851
462,0.00044830550406139427
463,0.9977906987852725
464,0.9994663636470812
465,1.2616203622438513e-06
466,0.7920527744840743
467,1.189493959742847e-10
468,0.9278923832574097
469,0.00011810918662120486
470,0.03404471383750955
471,0.9987310863130332
472,5.2686823376699175e-05
473,2.5474058352298365e-06
474,0.9897137857989289
475,5.276730223062855e-05
476,1.5429949850409956e-05
477,0.01792372107253603
478,0.000360121409097913
479,6.408079627985409e-09
480,0.9999980437459199
481,0.9995832093362313
482,0.0017082255558602576
483,0.9999950012679594
484,0.999074423422957
485,0.00026945322468213743
486,0.9936079525810166
487,0.028776716097400585
488,0.9999091835133429
489,8.246815164463764e-05
490,6.056397151785153e-05
491,0.01169835125802698
492,0.01569266352076548
493,0.0013169753607404024
494,0.9999840286803864
495,0.9999905040263527
496,0.9999919777504034
497,7.52814530056058e-05
498,8.969073407205682e-05
499,0.33476762111222425
500,0.0032783141404003134
501,0.001976521244517845
502,0.9999842721692043
503,0.001681656502813853
504,0.9933426285072775
505,0.9999999977800178
506,0.0016854773909039402
507,5.379967501372881e-06
508,0.049913770578772
509,4.134260158354935e-05
510,0.9688541416758325
511,0.9810864637562038
512,0.0005962844535226444
513,0.9997786493247709
514,0.9999738629894449
515,0.9999465438589917
516,0.9625965741070814
517,0.9999993769056915
518,0.9999985871724112
519,0.9995630474323635
520,4.9191951664757364e-05
521,0.9999062968754299
522,0.24743832180342154
523,2.6807790816835213e-05
524,0.005988522052700205
525,2.2024574596108182e-08
526,0.9549324086892247
527,8.196764961664982e-05
528,8.354952500182964e-12
529,2.0862111183793852e-07
530,0.99910628441885
531,0.9956481487773342
532,0.9999990779351295
533,0.9948249180790861
534,0.00035414636965693197
535,3.039541810962704e-05
536,0.9996902047306033
537,0.9997730396205915
538,0.9990944601508854
539,0.9904892878132686
540,0.999635976829305
541,0.9895619083999803
542,0.9986959200696304
543,0.9995891591533859
544,6.770100423287237e-05
545,2.2977722208954454e-06
546,0.9734659993110786
547,0.999999818424473
548,0.9600372409450466
549,8.177262311780838e-05
550,0.9999808760509546
551,4.691310354034666e-05
552,0.9977256139113536
553,0.998182557417279
554,0.9519845160880186
555,0.9999933141101031
556,0.9837590370810031
557,0.013359046472367206
558,0.9997891630457042
559,0.36824812306128163
560,0.9999999993678808
561,0.004833219695594747
562,1.5439386204492796e-05
563,0.9982238281429633
564,0.9998221777556893
565,0.9981125722734944
566,1.3512499303842318e-05
567,0.9977803648443169
568,0.5876012802583052
569,0.9999950905057567
570,7.424196076248078e-08
571,0.9999958189520312
572,0.9999922145926856
573,0.999899049971085
574,0.993329117945547
575,0.9608752528720644
576,0.9981875054430971
577,4.925030495855141e-05
578,0.999548487574356
579,0.978348162782644
580,4.719973455753648e-06
581,0.0002560188733057825
582,0.9997565824632495
583,0.9999932340338779
584,0.9999999490984547
585,0.9999997668930333
586,5.2651541664537376e-05
587,0.00011580969763064766
588,0.99969405619844
589,6.422387058797338e-06
590,0.9999998823468449
591,0.999624887876856
592,0.578280596565379
593,0.9999442849360657
594,0.0002369495325637765
595,0.9997324719496444
596,0.9972468076538196
597,0.9992808898429828
598,0.0003211067360764734
599,0.0007846809368983006
600,0.003640063751370137
601,0.00026736007543508305
602,0.003075164276788765
603,0.9999985823968262
604,0.9999727990544823
605,0.966892987092297
606,4.472915043190701e-06
607,4.848428555266725e-07
608,4.3006053324484785e-07
609,2.560521332043574e-07
610,2.2511497546811146e-06
611,3.214944079562424e-09
612,8.36001397615638e-07
613,1.6450438376118856e-05
614,0.00011002650001759389
615,0.9999855601067594
616,0.0002503478998731406
617,1.6435260670532527e-05
618,0.0023293871914735753
619,0.9995064212337065
620,6.2481514555999e-05
621,0.5917542167074027
622,0.15147000908874278
623,0.001633516115208379
624,0.0005441162504669109
625,0.9983321772093963
626,0.999978889109013
627,0.999999993906268
628,0.9999196995009829
629,0.002819868168840895
630,0.997086266619022
631,0.03632928905592103
632,0.9586625035496317
633,0.8809421633006151
634,0.01558284437937907
635,0.99894424846828
636,0.9987953693803889
637,0.9997798270629947
638,0.9998890193785459
639,5.567214803662076e-06
640,2.101982980552796e-06
641,0.9942217906374496
642,0.9999965337831734
643,0.9999952791332397
644,0.014854271320754979
645,0.998173040502219
646,4.953006852129432e-05
647,0.9999240218704374
648,2.6572769387998332e-06
649,0.9903618029758607
650,1.556759603144257e-05
651,3.563564208822211e-07
652,0.9968346265763537
653,0.9999275865028754
654,2.9453748953722182e-05
655,9.739111394272939e-05
656,0.00025953096263779045
657,3.660905451074694e-08
658,0.999940706373791
659,0.997796814788572
660,0.9762611594454711
661,3.790549706820648e-07
662,0.9998797597653503
663,0.004683941873050724
664,0.0019394323297312937
665,0.9994977639949405
666,0.022426943500341516
667,0.000270748765899158
668,0.9997266586684143
669,0.9996201087561571
670,4.0986845053124594e-05
671,0.00034183907219762936
672,1.2816336868475308e-05
673,0.9968229892511015
674,1.9682228531065412e-08
675,4.622121979102251e-09
676,0.9980183026267198
677,4.986643695691544e-10
678,1.5994165326840812e-08
679,0.009630638485879037
680,0.779623452908732
681,0.9995774427045794
682,9.336523651500841e-05
683,0.9997280513709628
684,7.842356117159464e-06
685,0.9999911972166661
686,0.9995250637265854
687,0.999934279835585
688,0.9999627830517349
689,1.417411960239142e-05
690,0.9999786972705528
691,0.0033109633515316554
692,0.9990597662438363
693,0.025700477510395867
694,2.1079211647521782e-08
695,0.9999999906229856
696,0.9998060396341704
697,0.00040763451345092103
698,0.9996418235539031
699,0.9984701237419401
700,0.9990698671976141
701,0.001275897503455263
702,0.0019167695064586541
703,0.11830227933121798
704,0.9881686809606242
705,0.0009733214637958155
706,0.9997966160392109
707,0.9925367646347288
708,0.9999851234946341
709,0.9968193230362413
710,0.9999999885292937
711,0.0015976936021301694
712,0.004044860916599807
713,0.9999642578869696
714,0.00043886766551327227
715,0.9957516550322705
716,0.9985606235568484
717,0.999961147711354
718,0.019316854598021026
719,3.5489139192485104e-06
720,0.9994294535208313
721,0.9999810587140524
722,0.002015458983473253
723,0.9999874002233478
724,1.0267095948415598e-05
725,6.504219163728401e-05
726,0.0001400570179656756
727,0.9970321139483004
728,0.006800149224381477
729,0.9593660966715732
730,1.750114880756793e-08
731,0.999999533257679
732,0.9875500067059082
733,0.00021605066168545382
734,3.131131371737478e-08
735,0.9999616019672161
736,0.00025650690329779175
737,8.996137590177178e-06
738,1.4198131567925503e-05
739,1.167865362294214e-05
740,8.35638315957356e-09
741,0.9999880862820262
742,0.13818139352566963
743,0.9724971432976988
744,0.9998551774952815
745,7.438986618713014e-06
746,1.6197546482840028e-09
747,0.9999127186259325
748,0.9999980046421499
749,0.08790719991823848
750,0.0010917831227477933
751,7.321203530259305e-09
752,0.9999427415155986
753,0.9999991980838545
754,3.375686203187614e-08
755,0.9395572209480337
756,2.2311261278419548e-05
757,0.9995022335876673
758,0.9983677144568656
759,0.011833156913478308
760,0.9999849547981069
761,0.8373964754635495
762,0.00038140835335776093
763,0.0025616335102641614
764,0.99964712010778
765,0.00025413789217025487
766,5.6381936309682694e-05
767,2.4826863572131406e-05
768,0.999157203767292
769,9.887650515712686e-05
770,5.42323451979689e-05
771,2.70066686862795e-06
772,0.0003720128070853613
773,0.4304283595061377
774,0.9975236419097496
775,0.9999999490360628
776,0.9998064009114346
777,0.0007047438900837784
778,0.9997948717819132
779,0.9934566619010852
780,0.044300797471855745
781,0.9999972785295005
782,0.0003909380337260132
783,0.9986763330658084
784,0.999653100823409
785,0.7127701064786155
786,2.472450517966964e-06
787,0.0003111052494949034
788,0.9998910217703008
789,1.993307547625846e-06
790,0.9998866780121818
791,0.9993340971917692
792,0.23577315199005894
793,0.9999971575492759
794,2.8162935490929585e-07
795,0.0009588749342915135
796,0.999989573827391
797,7.062451173504294e-06
798,1.1351523536644368e-06
799,0.9894843870430422
800,0.9993040342136982
801,3.338792615172892e-09
802,0.0003176161547080747
803,0.7412864777038353
804,0.9998840556193147
805,0.051500803482463525
806,0.005167238837798248
807,0.00568827820463581
808,0.9996517087495675
809,0.999995591510191
810,0.9998939404289828
811,0.999969380099263
812,1.7647290985313977e-06
813,0.06942043755488471
814,0.022066867799802166
815,1.4936993475196172e-08
816,0.9844803975734123
817,0.9997452546762825
818,0.0002827790366305735
819,0.012185420377936358
820,0.9967345341585978
821,0.9998535537920342
822,0.06999808258210108
823,5.81375650406057e-07
824,2.038356330672052e-05
825,0.0009393197782182946
826,0.9999992162617827
827,0.9957374471504175
828,0.9855472057408831
829,2.3645172108536286e-11
830,0.009621478851034112
831,0.9205025600145132
832,0.2577841663709089
833,0.9512705911283632
834,0.9999694568423351
835,0.9998990093412635
836,0.9999999501316981
837,0.9972747329524126
838,3.9950184015563913e-07
839,0.011646929510193903
840,0.9999719697884044
841,5.347114709033497e-06
842,1.4552477010633886e-07
843,0.9999998540979362
844,0.997647084464569
845,1.188591490513429e-06
846,4.985320560375203e-06
847,0.9912038357793286
848,0.008485141749931487
849,7.805011359083947e-10
850,0.020124530452981564
851,0.09446502976487534
852,0.9996047196985074
853,0.9600824978929301
854,1.07055213777128e-05
855,9.037791774720078e-06
856,0.15167537133009668
857,4.053976305416405e-05
858,0.019179681333682218
859,0.996522553987274
860,0.9992980370342885
861,0.9587875516722129
862,7.449105787372885e-09
863,6.835692855398599e-05
864,0.0006829631659984693
865,0.00014116579194220296
866,0.002241154287450051
867,0.9998694764797255
868,0.04202004413899321
869,0.9995878273459611
870,0.023252250835090055
871,0.9987415917273299
872,0.9999871785574784
873,0.9999662694984176
874,3.089096394786014e-06
875,3.28539602913732e-08
876,0.9999999788662925
877,0.998436900518812
878,0.00013267402419534971
879,0.9998490132077364
880,0.0037260417119740156
881,1.4563924207747063e-06
882,0.9999999440477036
883,0.9999989124778735
884,0.9969576049840844
885,0.7548521266507788
886,0.9999980616166569
887,0.0001239065917064975
888,0.9858401075276055
889,0.9999119991408887
890,0.9977013259697521
891,0.9999732922129358
892,6.43861660525062e-08
893,0.999990848710102
894,0.7948102929243472
895,0.9998511050151427
896,0.019333571498119345
897,1.358880618436144e-07
898,0.004896994943371732
899,0.00046868208072247693
900,0.9999883585948502
901,6.063136548596866e-06
902,0.9876463225555989
903,8.934594805489542e-06
904,0.011466656637526955
905,0.9412813895230606
906,0.9524638038657128
907,0.07970632133540617
908,0.9999103323690116
909,1.2431296837429925e-06
910,0.0034047155322744953
911,0.9999951279532006
912,0.9997733298175874
913,0.00014417369047407501
914,0.003985467933953196
915,4.7336940409278785e-05
916,0.9999659303958848
917,0.9959064966810893
918,1.2775748031476554e-05
919,0.9374454995714641
920,1.124118747657783e-05
921,1.5463558774645997e-05
922,0.9996256098842546
923,4.84286698156069e-09
924,0.9999858012669799
925,0.9999967698816767
926,0.9999915598535062
927,0.03449831842133308
928,0.9527727099459867
929,4.944397902719255e-05
930,0.9999966718475869
931,0.00046955830564784684
932,7.623989680383464e-09
933,0.9985650653993863
934,2.1395023926415125e-10
935,0.0013523088572129963
936,0.9998180668758312
937,0.9999999981718815
938,0.001232419817459949
939,0.9999464510399408
940,0.9999800918435534
941,0.9901946635934679
942,0.0016716172890724474
943,0.9993506490552378
944,0.9999915010706659
945,0.9998910137060045
946,0.9992231863895423
947,0.11727143250790764
948,0.9641761305061218
949,0.999496463845521
950,0.008136323567676636
951,0.9997492856689487
952,0.9982269174815289
953,0.996779953779545
954,0.9993042296035441
955,0.003231894787164147
956,2.31220836932695e-05
957,0.9827281096650236
958,0.9985484504625524
959,0.9997964365397622
960,8.602891193870887e-06
961,0.9999948478260448
962,0.9999994298366228
963,0.9992666404742055
964,0.9524401526143248
965,0.0077726589076191725
966,0.02009880529095513
967,0.0012897916097035099
968,0.005256751510639486
969,0.6648495512618241
970,0.4024556249370297
971,0.9999992798557488
972,3.692213061393486e-07
973,0.9631947872632274
974,7.919866016730999e-10
975,0.02338685037886062
976,8.845405284273958e-06
977,0.0019430797651650083
978,0.004635059451548184
979,0.9998043436930963
980,0.9997738715987519
981,0.980644572085048
982,0.9999800442260015
983,0.03419887435486758
984,0.00013010192185227941
985,0.9998789929365602
986,0.9375764035748054
987,0.13255956654017484
988,0.9918828256388534
989,0.9999999916980425
990,3.8696161629499515e-05
991,0.9999606757851118
992,0.9964590730643208
993,0.08301157463424953
994,0.9999998451704284
995,0.0004706914521668812
996,0.9967157739703763
997,1.0000996449749513e-05
998,0.9983774797404705
999,4.348869555498994e-08
1000,0.0016415607017026322
1001,3.0089730421530933e-06
1002,3.0302922373137838e-05
1003,0.40083617630149604
1004,0.5214711449161206
1005,0.5006485054991285
1006,1.0314313911019254e-07
1007,0.0003253842080236147
1008,0.9994076106635545
1009,0.10562588720940086
1010,0.00048764971078416427
1011,0.9997277004079309
1012,6.871065602641019e-06
1013,1.840789298347171e-08
1014,0.0034989546397255896
1015,0.0007930181273714069
1016,0.9999987224737901
1017,0.9998019987525317
1018,1.7735910175452743e-06
1019,0.9985137921402463
1020,0.9997777601001744
1021,0.9999999998847937
1022,0.0017031575402190534
1023,0.9999985322506493
1024,1.9385897440525798e-13
1025,0.00024901174952086816
1026,1.4070056983478131e-05
1027,0.0009994597193559226
1028,0.999990192299721
1029,1.2876947657610048e-05
1030,0.02852979239848484
1031,0.00026144111072613963
1032,0.993152690935366
1033,0.9985475922022955
1034,0.9996495178262558
1035,0.9980271237549293
1036,0.016119232124390245
1037,0.9997453451395487
1038,0.9987259280210427
1039,0.9969404510770923
1040,0.13926306959122192
1041,0.9994510359184334
1042,0.9906388003073899
1043,0.9280269902966676
1044,0.9999817642595067
1045,0.9871249304340001
1046,0.9998122950049982
1047,6.562825051643488e-05
1048,0.00030738413319735734
1049,0.9993929826030667
1050,0.9834532918568172
1051,1.3465945029780799e-06
1052,0.9545082670606412
1053,0.9997016667427461
1054,3.9713386207811876e-05
1055,0.0016934110012084447
1056,0.9998302491290051
1057,0.9509477266467159
1058,0.9761339701959424
1059,0.9766605065860129
1060,0.9967492349831357
1061,2.766203202760888e-05
1062,0.9672208745988476
1063,0.0026882792256044236
1064,0.0002221268167283799
1065,0.996159228098416
1066,0.014727274005297327
1067,0.5291189334409108
1068,9.099071868786945e-05
1069,0.9974098090647008
1070,0.9753184320652502
1071,0.9961521771279102
1072,0.0001262648861711382
1073,0.9736353047230284
1074,0.006123927896751821
1075,0.9933249405444123
1076,0.01867415925758219
1077,0.9929924610469365
1078,8.894725007414243e-06
1079,0.9999999985070562
1080,8.314864561015334e-07
1081,0.999996098323074
1082,0.999941200921636
1083,0.9998630347025718
1084,0.9218850652690797
1085,0.9956789954477202
1086,3.3814826828921826e-06
1087,0.00013643194753969412
1088,0.9999999955880416
1089,3.0701401923627496e-06
1090,0.9372029823223657
1091,0.9977382617559882
1092,6.854132964878848e-05
1093,4.738681880878913e-06
1094,2.9062008025837645e-06
1095,0.018921318107896337
1096,0.999979015214013
1097,0.0032261613396318955
1098,0.9999855278140383
1099,0.703153647080728
1100,0.9858147356119559
1101,0.9996249280112895
1102,1.4930162980007102e-05
1103,5.444020764230231e-06
1104,0.0001816787053587205
1105,0.9980862509710325
1106,0.9999999948588274
1107,0.11495306998635785
1108,0.002230793084127248
1109,0.9999515248323891
1110,3.7890758909196815e-05
1111,5.055424317713389e-06
1112,0.9999905186745198
1113,0.981446427678951
1114,0.007943554173934617
1115,0.0009235499302079814
1116,2.432356989713519e-05
1117,7.206960054051732e-05
1118,0.9962258744303983
1119,0.9998867094002902
1120,0.9682930627826452
1121,0.00018337564649086044
1122,0.9999405768194952
1123,1.2882346433650064e-05
1124,0.004072021245590988
1125,0.029474253089207467
1126,0.9999757564862976
1127,0.9990464776650715
1128,0.0005834856626139106
1129,0.9953460206698338
1130,0.9999263201488853
1131,8.459438826275591e-09
1132,7.96312009467979e-05
1133,0.0060440290722758964
1134,0.8520283595169406
1135,7.674249688728657e-05
1136,0.9999828902857146
1137,0.9908262100742696
1138,0.9996502968882074
1139,0.9823359242992605
1140,4.5587458259408904e-05
1141,0.00042587288058043934
1142,0.9999064705033709
1143,0.998406420729867
1144,0.016272911996681218
1145,0.9998520963226463
1146,0.9994730148650616
1147,0.0006137905537022305
1148,4.603786866615072e-08
1149,0.9999935261101932
1150,0.9953708798822581
1151,0.9985395764287974
1152,0.9998318983709064
1153,0.9994106722095791
1154,0.9999944966467542
1155,0.275903475414826
1156,0.9999999963760231
1157,0.9998425743958679
1158,2.1175338210599412e-05
1159,0.9999877498596939
1160,0.9999989937651865
1161,0.29814950815429814
1162,0.9983586520988033
1163,0.9999999988608028
1164,9.03825143709693e-09
1165,0.9515205557904287
1166,1.274483457411569e-06
1167,0.9998596081122836
1168,0.9998043842097631
1169,0.015282902043731882
1170,0.0003291142835430221
1171,0.0014572673882645242
1172,0.9999999800028165
1173,0.0004536805273738107
1174,0.09696704386302082
1175,0.9999996444610105
1176,0.09957106132449031
1177,0.9999227200683948
1178,0.999647712275351
1179,0.9999763112761759
1180,0.9949736431202036
1181,0.9998891147721678
1182,1.1065632147922673e-06
1183,0.9998234645725098
1184,0.9999999485535136
1185,1.9274417067983225e-06
1186,0.9998674618576681
1187,0.9994597979721712
1188,0.864778512405906
1189,0.0013893427358538676
1190,7.786043664138905e-08
1191,0.0005679821688023466
1192,0.9991344446593576
1193,0.0008672878439295396
1194,7.456781297444279e-07
1195,0.0003585194659808116
1196,0.9998657604622688
1197,0.9999962568467116
1198,5.1510077848697976e-06
1199,0.28500816146025215
1200,0.9999439670638084
1201,0.9991657153408718
1202,5.064618163915737e-07
1203,0.04170493051645908
1204,0.3059456927808363
1205,0.9999302573187312
1206,0.0067040234331700276
1207,0.0003202975802768568
1208,0.9999714686496003
1209,0.9999978862621738
1210,0.04936539580704929
1211,0.004031593490923362
1212,3.874708686093131e-05
1213,0.999468317158768
1214,0.9999212351282691
1215,0.999132427338898
1216,0.8759458175627276
1217,0.0018070494928440358
1218,1.2115491553382124e-07
1219,0.9999999050265532
1220,0.000774827225307583
1221,3.581879277989606e-05
1222,0.9999716694871693
1223,0.9999469559564389
1224,0.00018882509110916334
1225,1.5576527778979508e-05
1226,0.9998213262520059
1227,3.0206455553781748e-05
1228,8.043325640933857e-05
1229,0.9999999302851317
1230,0.9999211515198079
1231,2.3258459725552534e-07
1232,0.9883520000825237
1233,2.0841811976944567e-06
1234,0.9977592020659632
1235,1.6651579924124742e-06
1236,0.9995900097803221
1237,0.9981966327880386
1238,0.999904687809957
1239,0.9979339042852019
1240,0.0019749098171505473
1241,0.9999885627821635
1242,0.9999999988462136
1243,1.1225855593681778e-05
1244,0.000589011339353439
1245,0.9851684863769891
1246,0.9999999974776452
1247,0.9883246364996591
1248,0.9979778317474828
1249,0.9999753913923934
1250,0.9526430461093063
1251,0.22910424557304798
1252,0.013976001196323603
1253,6.214112057674913e-07
1254,0.9993501422389092
1255,0.7516224700572715
1256,0.9831220242222412
1257,0.9997217941720268
1258,0.9984867643468117
1259,0.9999994860791174
1260,0.9887683451285154
1261,0.9999999995736051
1262,0.9983623167579008
1263,0.0008202118658753735
1264,1.5213005898933722e-05
1265,0.9996905538636348
1266,0.013190150539186063
1267,0.9990766371523434
1268,1.2029864830868151e-06
1269,4.473940043191455e-06
1270,0.13429269700232757
1271,0.996557587688007
1272,9.582067404059317e-07
1273,7.746878797638229e-05
1274,2.2050667612161362e-07
1275,0.9993468571520443
1276,0.9999935835418617
1277,0.9999894412716914
1278,0.9999996692411638
1279,0.0005514263669244486
1280,3.4671904427656705e-07
1281,0.07445975508834811
1282,0.9999977168953323
1283,2.177348631211566e-05
1284,0.310400097570764
1285,0.9999655180644544
1286,0.9999925199399273
1287,0.005284912886462816
1288,3.260606719470869e-10
1289,0.0013587232461860085
1290,0.9999999862578626
1291,0.988465339343449
1292,6.609549457267564e-05
1293,0.9999981553923107
1294,0.9999999380347308
1295,0.9999986754785104
1296,0.9999999881569438
1297,7.18697711263374e-06
1298,0.9999090805361772
1299,0.9996347647975913
1300,0.994948495578344
1301,0.015610066098789132
1302,0.9498753536730069
1303,0.9999998832022773
1304,0.00058222589871714
1305,0.0014501662164769222
1306,0.020254703480029154
1307,0.0006469741898593115
1308,0.00025233534780807793
1309,0.999955642199492
1310,0.9969623717685748
1311,0.9998190735894681
1312,0.0007380493656429811
1313,0.9620706946130576
1314,0.9999973937768473
1315,4.048124797947565e-07
1316,0.001077769875129034
1317,0.9999515344304034
1318,0.03935493736786646
1319,0.9999999678037655
1320,0.0003470976963776675
1321,0.08318836458541035
1322,0.0009918452172034543
1323,0.997028210863233
1324,0.00038735290989627924
1325,0.9999932661453792
1326,0.0009179497478049342
1327,2.716712940611599e-13
1328,0.0006922684106506827
1329,0.9999997769711992
1330,0.9923439046217584
1331,0.0003778190929731609
1332,7.011201066060012e-07
1333,0.0002543602833590496
1334,0.00023004438584262803
1335,7.906940565511726e-05
1336,0.0755621548224359
1337,0.00047435999943504193
1338,0.9999779823021523
1339,0.9999959713379403
1340,6.408975153764453e-06
1341,7.024904700939111e-07
1342,0.999865829380439
1343,0.9999999952650589
1344,0.0016545655647298063
1345,1.1761102715705611e-06
1346,0.9999982435879172
1347,0.9942680044606517
1348,1.28427500258668e-10
1349,0.9982920023897788
1350,0.9996567265288266
1351,0.9999941479803449
1352,0.0013299929618556035
1353,6.724144780871183e-06
1354,3.69957739373985e-09
1355,4.757070542146864e-05
1356,0.9999610618040761
1357,3.7104899606233185e-11
1358,7.18482718760418e-09
1359,0.9984389011765888
1360,0.9999759104821164
1361,0.9944182104419296
1362,0.9999710969824366
1363,2.9360956181122514e-05
1364,1.0797923111492809e-05
1365,0.7825697635622051
1366,0.999999874952089
1367,0.9998447618531396
1368,6.04545716292765e-07
1369,3.0334881703019855e-08
1370,0.00020865460924815096
1371,0.0002541006177389856
1372,0.9999776895025119
1373,0.00197526203287032
1374,1.2550959429536228e-05
1375,0.004998276025069337
1376,0.9988627890289306
1377,0.999999999973548
1378,0.024572677359945533
1379,5.847802761125215e-07
1380,0.0026603792562751483
1381,0.9999870060615773
1382,0.999869752455863
1383,0.9998927379727628
1384,1.125072588526204e-05
1385,0.9999112066539448
1386,2.0952404446258597e-09
1387,0.0013028421703303976
1388,2.0757166240316653e-05
1389,0.00024337035629791898
1390,0.0005628101292226308
1391,0.9997788085699844
1392,0.9995156111761585
1393,5.607997617079003e-06
1394,0.9982106082037634
1395,0.005068875962276267
1396,0.9981433941228813
1397,0.9999238972232057
1398,0.9989686807466948
1399,0.9879495265796164
1400,4.440639958474892e-06
1401,0.9999533803348868
1402,0.9999960399806284
1403,0.9997525371809368
1404,1.1842405872198052e-06
1405,0.9922574683032697
1406,0.996944868954398
1407,0.9998435606617655
1408,0.37142611708000917
1409,6.089129871655287e-06
1410,0.00017486181449946544
1411,0.994854940919464
1412,0.3591458896377535
1413,0.9993273729503078
1414,0.0022529117205231817
1415,0.05990985011357123
1416,0.999964475300981
1417,0.9968800036629002
1418,0.5214694274294814
1419,0.9998532200050302
1420,0.0007354233442842266
1421,0.06040739941322555
1422,1.2995212978447702e-05
1423,0.04917659088625708
1424,0.9999980157683738
1425,3.1361255538375e-07
1426,0.9998620198083419
1427,0.9856269023319647
1428,2.6111539621231057e-08
1429,0.9999980852955269
1430,0.00011469420421873284
1431,0.9997803564998269
1432,0.0026346596662070003
1433,0.9928732303122237
1434,4.649420775242652e-06
1435,0.004103997626384607
1436,0.991470562855109
1437,7.776480030797652e-06
1438,0.9995007940584579
1439,0.9999843503445386
1440,6.543178404891187e-06
1441,0.9999238665188827
1442,0.0001521925373278854
1443,0.0017967440005962182
1444,5.8657623041229624e-08
1445,0.0003652705689301116
1446,0.9953438435773699
1447,0.00028730457661736697
1448,2.9948023109399328e-06
1449,3.8322818763190914e-07
1450,0.9969462644803169
1451,5.571287109916507e-09
1452,9.325517803763979e-06
1453,0.9942740939665543
1454,0.9999363409340251
1455,1.4060149159351567e-09
1456,0.012339837221385853
1457,0.0001297260181208121
1458,3.4985796935389597e-10
1459,1.1833352289896785e-08
1460,0.007830255460164418
1461,7.712504869445887e-11
1462,5.24744638651398e-07
1463,0.9937464342981229
1464,0.9999887401865162
1465,0.9996163162843708
1466,8.504838180333067e-05
1467,0.013389979632913388
1468,0.0026051256521293234
1469,0.9994689409006495
1470,0.9999817755193753
1471,0.999884213726633
1472,0.9999999690613536
1473,2.009902829189406e-05
1474,0.9999999873246886
1475,0.9993722642103468
1476,2.344470561100796e-05
1477,0.005641573551275954
1478,8.45774760389318e-06
1479,0.9999359974431266
1480,0.9994430288005844
1481,0.9992349788469255
1482,0.00902200384778441
1483,0.9999991811126934
1484,0.013334441140930743
1485,0.0001333533654196114
1486,0.9999835621567995
1487,0.9311817478330878
1488,0.9998723205827634
1489,0.058031076951453674
1490,5.725723109628795e-07
1491,0.0005041540343943948
1492,0.9999993429060016
1493,0.9999699025927378
1494,0.0004130814347370256
1495,0.9999911963952618
1496,3.055083300303187e-05
1497,0.9993411136678374
1498,0.9999269678510178
1499,0.0014657451152777481
1500,0.9999999292723379
1501,0.1826188628421689
1502,0.9978388395467899
1503,0.0044746797045685
1504,0.9985801816205677
1505,0.0002440006729094297
1506,5.814552088576896e-07
1507,0.9718704728637791
1508,0.5100064726249559
1509,1.125420506360187e-07
1510,0.9985312144082084
1511,5.770713718429095e-05
1512,0.9997507043889081
1513,7.639592981241688e-08
1514,8.554058519545529e-08
1515,0.7054058107597617
1516,0.3536412195050693
1517,1.5151575074101884e-10
1518,0.7489790494604175
1519,0.9999999128345916
1520,0.9999990855418537
1521,0.9978935066388978
1522,0.012181549673805154
1523,4.898746012014263e-05
1524,0.9741094208110141
1525,0.99990089824351
1526,0.9700427015499284
1527,0.07152342072220072
1528,0.999931270812057
1529,0.0007902706827824507
1530,0.9723580522802044
1531,0.0010661740462014082
1532,0.003857956170679767
1533,0.00023124747361207072
1534,0.9995410208573597
1535,0.9966420837673761
1536,0.9999973431086092
1537,0.9999853984361178
1538,0.0010638522456566262
1539,6.626934276011766e-05
1540,0.9990850706984948
1541,0.002358591237781281
1542,0.039822428978710654
1543,0.016692846057564225
1544,0.999996391316111
1545,0.9999995416261644
1546,0.9827462665781485
1547,0.0001807442214524677
1548,0.9999841745149586
1549,0.9996757910331078
1550,0.9999955039844768
1551,0.9999841519076706
1552,0.987784038798847
1553,0.986022660893769
1554,7.526023270951786e-07
1555,0.0035802021565615213
1556,0.00013651794053942283
1557,0.0023040373715323033
1558,0.9999885371421611
1559,2.6238842274768123e-06
1560,3.4573669458282423e-09
1561,0.9990445068895161
1562,0.9976854953363266
1563,0.9969154028948403
1564,0.8956929875361298
1565,0.9864336501984086
1566,0.9968276716460298
1567,0.9998393923687159
1568,1.1020647976170528e-06
1569,0.01281625653282175
1570,0.9968739609422915
1571,0.9999416942692769
1572,0.0010250632545298402
1573,0.3460585887447452
1574,1.3463403649063597e-08
1575,0.9999998626619371
1576,1.1569588470194934e-08
1577,0.9952300519857591
1578,0.9999112714066452
1579,0.0006274673221678729
1580,0.12713213211443347
1581,0.999996466177219
1582,0.003610423051306191
1583,0.9985990639357433
1584,0.9697711073562186
1585,0.7118082360301843
1586,1.0428738293484026e-05
1587,0.005231014865327684
1588,0.9999896320310934
1589,0.7896621664224319
1590,0.9795017713203761
1591,0.9022755220958938
1592,0.00039566099213186553
1593,0.9957154072731043
1594,1.2412245999224648e-05
1595,0.0037088291016662144
1596,0.004325786184260388
1597,0.03384213772116859
1598,0.00040355956509133446
1599,0.0001406796304800574
1600,0.9872213812785054
1601,0.012488514847828062
1602,0.9997493993815777
1603,0.0006788399506965407
1604,0.09605805033902584
1605,0.9999926223220917
1606,0.0001733295434871147
1607,3.9755473558362813e-07
1608,3.767631080939468e-06
1609,0.9998868874015509
1610,0.9851054136869987
1611,0.9999672521571341
1612,3.752117843326895e-08
1613,0.999425468123779
1614,0.9996224508647751
1615,0.0006645874077563848
1616,0.19300422665637781
1617,5.398781445187829e-05
1618,0.000936451717505204
1619,0.8655497116581963
1620,0.03017049545541912
1621,1.148230250556961e-05
1622,0.8645829377600474
1623,0.9999999986360155
1624,0.9999999655690598
1625,3.812316275720122e-08
1626,0.9991442864162743
1627,0.02631351693412009
1628,1.75860084056201e-05
1629,0.9999560443799708
1630,0.9999998549196221
1631,0.9999162963098879
1632,0.000723343191210662
1633,3.189195503369645e-06
1634,0.003124022395435324
1635,0.003694518706828638
1636,0.9204433714461958
1637,0.9417258980032585
1638,0.9992468160675306
1639,0.9973967537176966
1640,0.9999749875302513
1641,0.0005064760576047339
1642,0.759987297905994
1643,0.9996529496416866
1644,0.99998780918021
1645,9.400224796896977e-08
1646,0.977126771802606
1647,0.999939877892431
1648,0.9999635533701913
1649,0.999990453293641
1650,0.00032105743477847
1651,0.9804512371655881
1652,0.0008871955734770008
1653,0.0004947980479923107
1654,0.034771540220596336
1655,0.026469971995659997
1656,5.7184427708268316e-08
1657,0.9999968397183973
1658,0.9999192617330048
1659,0.0006502787090790864
1660,0.8449064979050758
1661,0.9902181427073761
1662,0.9974279350867096
1663,7.116793812172783e-07
1664,0.0006863087227553759
1665,0.0011743891816327436
1666,0.961764769047093
1667,0.9980691475324153
1668,0.00031972491607893105
1669,0.0009883410760127384
1670,2.088737215585667e-06
1671,0.9999999615210701
1672,9.620685028206076e-07
1673,0.9999687143542434
1674,0.9999989265304065
1675,0.02183360919706638
1676,3.766921647275987e-06
1677,0.9983069507018635
1678,0.9469129142568724
1679,0.015636551346163746
1680,0.0023448130502693155
1681,9.728671366991471e-12
1682,0.998606126269695
1683,1.0197801054952685e-06
1684,0.9996432029240612
1685,0.00019974116860973977
1686,0.9998795808860921
1687,0.9925284044416067
1688,0.998767894522767
1689,0.9998806288864842
1690,0.9994456845180936
1691,0.004875968973985643
1692,9.346697899940001e-08
1693,0.9999995243662692
1694,0.00030804217834374625
1695,0.9887692867003157
1696,0.9974960495893556
1697,0.6693856165700348
1698,0.00011966764605835596
1699,1.2645306005951544e-05
1700,0.9996729215819877
1701,0.9884759448498855
1702,1.1854482943546333e-08
1703,0.9965892575621267
1704,0.9989341729614575
1705,1.6889702438705119e-06
1706,0.9977728280797893
1707,0.0008659742491697626
1708,0.8594748829643072
1709,0.9999802168724085
1710,0.9336929528769812
1711,0.9999999919295887
1712,0.0004466397943497653
1713,0.00017614358458492745
1714,0.9092627016966709
1715,0.9997026560632881
1716,1.2077071506882462e-05
1717,1.7761246553156995e-05
1718,5.609133425620752e-07
1719,2.5959534057209136e-06
1720,0.999882766848187
1721,0.00022434657386934657
1722,0.9984864310893432
1723,0.9999960155886981
1724,0.9999771427257225
1725,2.211618183595926e-06
1726,0.9997864530611734
1727,0.9999997708703526
1728,8.215837739259196e-05
1729,0.0005262793442436541
1730,0.9921410287627559
1731,0.9992755048172791
1732,0.9999986500041769
1733,1.8056468723219379e-07
1734,0.00021401032170994465
1735,0.9997347270349938
1736,0.1974701639046033
1737,0.09001265772168808
1738,0.0010396143003801447
1739,0.9990521254615345
1740,0.9999999760086077
1741,0.7954173178391826
1742,0.999999997812528
1743,8.479841531628505e-05
1744,7.677076629574814e-05
1745,0.9901130223596579
1746,0.9999517660219133
1747,0.2766588103301787
1748,1.1345124811301758e-05
1749,0.9503187011079303
1750,0.998558294898191
1751,0.0007459001083790818
1752,0.993713902857434
1753,5.849130566918454e-05
1754,0.00040885596611987655
1755,0.999760972136836
1756,0.9999871350121783
1757,0.0013498832393939928
1758,0.9879455067499125
1759,0.0001732958223093257
1760,0.9951733372666663
1761,0.0004123771779393755
1762,3.470901610736204e-05
1763,0.9993396466637415
1764,0.9989044808490118
1765,0.9999846408407037
1766,0.9999994381867824
1767,2.9529316802579493e-06
1768,0.0006287807268596228
1769,0.9994559204311645
1770,0.0008870937801082777
1771,0.8818762304361364
1772,0.9997238914775084
1773,0.0014744844775888071
1774,4.7257294700508956e-06
1775,0.7734611062053435
1776,0.9482722915936679
1777,4.369974113760121e-06
1778,0.00014523179704512058
1779,1.0359194085781821e-06
1780,2.684656369173396e-07
1781,0.024784611985534742
1782,2.467663922756595e-05
1783,0.5868069806566061
1784,0.00021760809686570992
1785,9.229011930279912e-06
1786,1.9192948176293236e-06
1787,0.9952289748645589
1788,1.3917818720456946e-05
1789,0.9999998861646632
1790,0.6386913554556383
1791,0.00013355110078226533
1792,0.9643340112742711
1793,0.9989417558155108
1794,0.9999607652133117
1795,0.9999225700614625
1796,9.673294107217206e-05
1797,8.570046233791938e-09
1798,0.00244145066614326
1799,0.9906707752115054
1800,8.833793571326504e-05
1801,0.9999365100840631
1802,0.9999971569184054
1803,3.2574588868730045e-06
1804,0.0002818069583369849
1805,0.0725286433376091
1806,0.0012532272733617711
1807,0.9999205328939285
1808,2.498415720085864e-07
1809,3.654340474898031e-05
1810,0.0007676457476414484
1811,1.2117359202784069e-06
1812,0.9999889639783653
1813,0.0010141046254805326
1814,1.6959599899732356e-05
1815,0.0027214904671587106
1816,0.001692971850833929
1817,0.9462277038384852
1818,0.9999874915308944
1819,0.9999887672835419
1820,2.3209983524307196e-08
1821,0.9999999065056387
1822,0.9946231286991366
1823,0.13670645073421597
1824,0.006623242313998046
1825,7.294561063718523e-05
1826,0.005249747824838486
1827,1.1693697473497162e-06
1828,0.0038295472773621437
1829,0.9989378461592425
1830,0.9691899704726619
1831,0.9975411650165596
1832,0.9999999520736952
1833,0.9826568939970334
1834,0.9837878129450377
1835,0.9589228410187434
1836,3.3205464470901886e-08
1837,0.0025497861697276383
1838,7.54885021549695e-10
1839,2.856700131727459e-11
1840,2.3294815705863146e-08
1841,1.904844932519523e-06
1842,0.9999969982698004
1843,0.9266953728426461
1844,0.9958006268636284
1845,0.0041704727598447025
1846,8.352635047628077e-08
1847,0.9998485239695901
1848,1.6809122042943879e-06
1849,0.9663172692005328
1850,0.9988241076968073
1851,0.9999587593401889
1852,5.467376437803826e-06
1853,0.7949588401063707
1854,1.162029280453124e-08
1855,0.9980782607188962
1856,0.10648811188433227
1857,1.4410920948526142e-05
1858,0.9999615825587342
1859,0.00037208959622767295
1860,0.015681857550099248
1861,0.9990614560469271
1862,0.009531984682429134
1863,0.31874936313709346
1864,1.1661847153056661e-07
1865,0.32490380426386406
1866,0.9998419345407282
1867,0.9307174084917877
1868,0.00033744941802782885
1869,0.9999850187764858
1870,0.0058654980382269835
1871,0.9999954497940965
1872,0.0027293785396566954
1873,9.273335490365106e-05
1874,0.0011181674511100193
1875,0.9870301475985506
1876,0.0002545035920313735
1877,0.003339904860978202
1878,3.552056891856828e-08
1879,0.0020098312806487036
1880,0.06886603323497982
1881,0.9996335302755073
1882,0.00024868218813620574
1883,0.00015745925811001514
1884,0.00015920366255605154
1885,0.032702077283981626
1886,0.999929570825786
1887,0.00023711040533800953
1888,0.0003937422158970422
1889,0.6963827235421745
1890,0.9999107368224902
1891,1.9833359275645827e-06
1892,0.9999297765443106
1893,0.0089916868696817
1894,0.9999989333540089
1895,5.286514493631617e-09
1896,1.0734027217389727e-05
1897,0.9999255103447171
1898,0.9999999958558969
1899,0.9990379862022053
1900,0.9708216668410117
1901,0.9914900338062091
1902,0.9999985678963198
1903,0.9999997837134066
1904,0.6491877189276708
1905,0.9898280954705175
1906,3.696755354177559e-05
1907,0.28885253345565337
1908,0.9931781954387058
1909,0.9995984043657983
1910,1.3221926281387187e-05
1911,0.028699811576984344
1912,0.09791436256398313
1913,0.999613817630901
1914,0.9999717816248731
1915,0.0034683390772582774
1916,0.999879556487653
1917,0.000256125672350485
1918,0.0011112238253834985
1919,0.02376063787184097
1920,0.9999989272603956
1921,0.9999997157739902
1922,0.9848937575497055
1923,6.294545263063137e-08
1924,0.004103025289846323
1925,0.00028702415457821615
1926,0.9999410794892126
1927,0.9999986198347631
1928,0.0008900020935710969
1929,0.004825136127327509
1930,0.00015955246684466244
1931,8.747816042939076e-09
1932,3.828300151240902e-06
1933,0.9997834027122966
1934,0.006069226665609511
1935,0.0059411418387712075
1936,0.971817230759053
1937,4.3524007788705475e-06
1938,0.0007354777082222273
1939,0.008699402769127776
1940,0.9999836906400633
1941,0.9999617298308838
1942,0.9999369466872473
1943,0.9976188187931262
1944,0.9958172863008717
1945,0.9999998230975
1946,0.9991801021472332
1947,2.758041849248575e-08
1948,0.998736936980809
1949,0.9999632304080385
1950,0.9863335302268644
1951,0.9999941314150884
1952,0.9999808131937462
1953,0.9993656036856562
1954,3.994826225557498e-06
1955,0.999991068009963
1956,0.0004159320600009542
1957,0.30555575324938816
1958,0.03169911169460831
1959,0.00010788929794138886
1960,0.00017411404771029397
1961,9.775841792036371e-06
1962,0.0006154707382146168
1963,0.9996749872828178
1964,0.9999944977439051
1965,0.11274211954899874
1966,0.0020488453163052104
1967,0.0015617299215962604
1968,0.9999624521850603
1969,1.0693483710363448e-07
1970,1.223726409837692e-05
1971,0.8312747346257866
1972,6.41651989499616e-06
1973,1.9299034369610916e-06
1974,0.0050594178997758294
1975,0.06488276462280958
1976,0.0008015396973292731
1977,0.6698026908774743
1978,0.05936938577146073
1979,0.602689677082913
1980,0.8944664973785244
1981,0.0001339984032052175
1982,1.7681024121656675e-06
1983,1.6998919295856173e-07
1984,3.223511481278837e-09
1985,2.057481148715069e-10
1986,0.0001465721949799795
1987,6.747843565607123e-08
1988,9.25889775348079e-06
1989,7.340905873638927e-07
1990,0.004881470544752017
1991,0.9999347478295117
1992,0.9999394130185816
1993,0.9999978698216585
1994,0.001635721159744212
1995,0.9284425882154959
1996,5.4235130687490716e-09
1997,0.0019115399697072558
1998,0.007321987619608039
1999,0.9995811006327108
2000,0.9999999962197177
2001,0.0001027455875531035
2002,0.991297195733879
2003,1.6284233123919537e-06
2004,0.9999999961955728
2005,0.9999951032937157
2006,0.6497876512005903
2007,0.014287594685597158
2008,4.037737826475573e-08
2009,0.004498971995869887
2010,0.00010427818116768478
2011,0.9999820838661747
2012,0.44313935170733776
2013,0.9976025003434159
2014,0.9985176496079341
2015,0.9629417116450251
2016,0.00024619678353573414
2017,8.254754156460229e-07
2018,0.9991365907154411
2019,0.9959816225814438
2020,0.00141377776095414
2021,0.6897347444526474
2022,0.00016763719262432997
2023,0.9993428078030352
2024,0.05306717801355696
2025,0.9997233768067373
2026,0.9996668245908904
2027,0.9309455883176799
2028,6.407779205002761e-07
2029,0.9996038892640648
2030,0.9962411450520064
2031,0.06798000039585497
2032,0.9999041429470841
2033,0.9995062416290925
2034,3.009376992596837e-06
2035,3.567928808747354e-06
2036,0.9172679541292889
2037,0.9996865285654254
2038,0.9997922138313932
2039,0.004881394601340977
2040,0.0008475917191173926
2041,0.999776757174523
2042,0.9999881012385553
2043,4.82849550747564e-09
2044,0.999844882613914
2045,2.9625971866262193e-07
2046,9.181609486627836e-07
2047,0.00029130050569491816
2048,0.7980362249202796
2049,0.9999750825090207
2050,0.0004317293447202145
2051,0.00019063895908744233
2052,0.003485339231594564
2053,3.018112732187072e-06
2054,8.462663148921963e-05
2055,0.00016686064284133015
2056,1.1242687272394126e-08
2057,0.9789895422009418
2058,3.8502187800018284e-08
2059,0.9999954684232825
2060,0.0017589565208902922
2061,0.9973293046195766
2062,0.999999989346222
2063,8.730919096598832e-05
2064,0.006024392243363646
2065,0.6513604786995898
2066,0.0007134320165971885
2067,0.9999425825992914
2068,0.9999865110682424
2069,0.0003248195560536204
2070,0.9905650448540647
2071,0.20363627712946003
2072,0.3728490272033725
2073,0.0019606274245141005
2074,0.7333110826062466
2075,0.9997947237334953
2076,7.280407079622128e-05
2077,0.8625413149390377
2078,0.9996606856000065
2079,0.0026210926541117034
2080,0.0003318795366918154
2081,0.000820593354076062
2082,3.857374830820082e-05
2083,0.9944964135514469
2084,0.9999958965869991
2085,1.1893474807883368e-05
2086,0.00025423787055990296
2087,0.9760115946471954
2088,0.9999728886894317
2089,4.734376193121298e-08
2090,0.9980713922640454
2091,0.9991330933353457
2092,0.9967175014118871
2093,0.009936182834046584
2094,0.056562464398484356
2095,0.9997990428825194
2096,0.40947711316629304
2097,5.3271412874376274e-05
2098,0.9998006342961905
2099,0.06587316725888666
2100,0.998954127543253
2101,0.002644283573307771
2102,0.9999999776293788
2103,0.0016412650570160996
2104,0.04227446671308221
2105,0.025191750512878124
2106,0.9975491518481321
2107,0.9999701315841135
2108,0.999999880212601
2109,0.9959204445754162
2110,1.647214691728539e-05
2111,0.018170665595618796
2112,0.9999954047617
2113,0.00014972312216829733
2114,0.991690583508018
2115,2.137969696634371e-05
2116,2.322662336471607e-06
2117,1.0464059270994185e-07
2118,9.286479002812893e-05
2119,0.9999906954674279
2120,0.00013007652578976762
2121,0.0020777155868784048
2122,0.9999645772339824
2123,0.9999786359199673
2124,0.9304676862549526
2125,0.0001687059175035585
2126,0.0013655188729094552
2127,8.422277140399225e-08
2128,0.017297612565071344
2129,5.45073757474743e-07
2130,0.016034419034721227
2131,0.8068589160195643
2132,0.0010493235329126036
2133,0.9999999921606696
2134,0.9999549012817259
2135,0.0006374586985427671
2136,0.999870986028147
2137,0.9999164585043896
2138,0.9999227554084218
2139,0.9999980258438057
2140,0.9982298939765684
2141,0.9983783042064238
2142,0.9861550558559893
2143,0.0007110815103750853
2144,0.9999716253317228
2145,0.9575334285782169
2146,0.9197302250429671
2147,0.013811345551798302
2148,0.9999579376186821
2149,4.287813092689749e-06
2150,0.999995656973924
2151,0.9997558434873249
2152,0.9961105674785644
2153,0.8751075149107702
2154,0.9999999963962078
2155,0.002586240047086493
2156,0.0012998675869750943
2157,4.3253861651830935e-07
2158,1.5544760049266693e-07
2159,0.022817684809142487
2160,0.9867079249399731
2161,0.10783669224747176
2162,0.9999920206083955
2163,0.9998392505206726
2164,0.9999700158180742
2165,0.9997583596533726
2166,0.9990021688914007
2167,0.9999999868061962
2168,0.000850626382092168
2169,4.0373543929762875e-12
2170,0.0016720482969950464
2171,0.9997979707135095
2172,0.9999983631399557
2173,7.653083786501058e-05
2174,0.9999998559418598
2175,9.61525058946348e-07
2176,0.9892370613678745
2177,0.01775062241309218
2178,0.00022556186163191094
2179,0.9999415932888961
2180,0.9999995631967068
2181,0.0031524810299852642
2182,0.9380608208446094
2183,0.005880114717983385
2184,0.9999606174662643
2185,0.00500548382456952
2186,2.4655063148332107e-12
2187,0.9998961168994198
2188,0.9982397548421095
2189,0.9835875329848842
2190,0.9956764180618414
2191,0.771306146616393
2192,0.9998605196979314
2193,2.767618152051601e-08
2194,0.9997385679049829
2195,0.028972875450362787
2196,0.16573206901716261
2197,0.9857814987255502
2198,0.9999988990505189
2199,5.178349506155847e-07
2200,0.9999461719667012
2201,0.9999865525669281
2202,0.99999939962362
2203,1.2272205413003419e-05
2204,0.00031336345280386394
2205,0.9999986282840199
2206,0.9999991704708351
2207,0.0015129252218976123
2208,0.999977167235547
2209,0.6832845180217414
2210,2.8703636994821944e-05
2211,5.157565240891511e-05
2212,0.9915802613805559
2213,0.00532452831513355
2214,0.0017494051871336533
2215,0.9580264804520541
2216,0.9999925396086903
2217,0.9983362456580597
2218,0.8929527147543985
2219,0.08597864248941547
2220,0.6216200042896202
2221,0.8082985958637062
2222,0.9999990724245202
2223,0.9999644223094158
2224,4.514152934763531e-05
2225,0.9838248312508081
2226,0.999979862562532
2227,0.9996476727049394
2228,0.9992950712959652
2229,0.9983046233939239
2230,0.00012154050635163025
2231,0.00032050909323678994
2232,0.06561258744303082
2233,0.009630009267830678
2234,0.03916713343618728
2235,0.9998744119671644
2236,0.9729843127526063
2237,0.00016790359210724727
2238,0.9997821488831964
2239,0.0005332742931557936
2240,0.9999589365787633
2241,0.9999999978662468
2242,0.9998987011863217
2243,0.00012440278564678512
2244,0.9999937563184625
2245,1.258179923822759e-05
2246,6.135731676648837e-06
2247,0.9999962644860334
2248,1.8519688726021758e-06
2249,5.793395277579296e-06
2250,2.1450518671631597e-05
2251,0.9999245595725305
2252,0.9984905075803261
2253,0.0031393909925653417
2254,1.1453309702726084e-06
2255,0.9999890023117847
2256,0.9999244093448204
2257,0.1514886915277083
2258,0.9840973163926534
2259,0.006455912699356908
2260,0.9999999184208321
2261,0.0003295898831551332
2262,6.933860835265194e-05
2263,0.9929234417658291
2264,0.9991422747233816
2265,0.9988181805870957
2266,1.0562306207357507e-06
2267,0.27542873534312357
2268,0.048783171920546195
2269,0.9999824841434766
2270,4.873739276630471e-09
2271,0.38346983737745327
2272,0.010822103502239108
2273,0.6367041054192458
2274,0.0001944718773347721
2275,0.9998475077528297
2276,3.971828552808348e-06
2277,0.12292145001166598
2278,8.938480318494622e-08
2279,0.9853450359974272
2280,0.9874225954842347
2281,3.090018350438192e-06
2282,9.967312859368658e-05
2283,2.5442664240275486e-05
2284,4.354481581547128e-05
2285,0.0028651498992913913
2286,0.9999999762383388
2287,0.9930171748480892
2288,8.7783900534834e-05
2289,0.9999994011802666
2290,0.00011743212334396447
2291,0.9996305774334685
2292,0.9993743419482494
2293,0.9996356591835764
2294,4.4272283070784436e-05
2295,0.9844654966436055
2296,2.0904568450342903e-08
2297,0.9996771884803736
2298,0.009886149393973765
2299,0.003093253671256896
2300,0.16432578039441242
2301,0.999999761009903
2302,0.9644190300555582
2303,0.99999844691006
2304,2.2681590029888553e-05
2305,0.8404512310837298
2306,0.9999905282149337
2307,0.008389905773136632
2308,0.0002839709054677156
2309,0.9675721969541041
2310,5.545888223442466e-06
2311,0.9910637586587028
2312,0.9995970405668871
2313,0.999994833467868
2314,0.9820282256817365
2315,1.8625414795055974e-05
2316,0.0009066566534999991
2317,0.9999995978207802
2318,0.9877980410738934
2319,0.09053013201265857
2320,7.98078120560503e-06
2321,0.9861412597312672
2322,0.0024790082283768227
2323,7.249345869675174e-05
2324,1.8998221356936395e-05
2325,6.575007158377877e-05
2326,0.9782473957000979
2327,2.304473651563489e-06
2328,0.9059225161829537
2329,0.00010063145425072741
2330,0.9999998122143503
2331,0.9999760300153024
2332,0.9997969482756788
2333,0.0029099655847963403
2334,0.9984297286937593
2335,0.9995120947323364
2336,0.9998698856080823
2337,0.00012720174884320824
2338,0.9994228293872282
2339,8.105749009933133e-07
2340,1.1469781207130428e-07
2341,0.05308064849297247
2342,2.275717660963377e-05
2343,0.9999630139517122
2344,0.9998940945513918
2345,0.9980131370902484
2346,0.05990492498232179
2347,0.9999817304791045
2348,0.9999956544072421
2349,9.421615942680742e-06
2350,0.9961620076032291
2351,0.9999839059675383
2352,1.6919296112271465e-06
2353,0.9999621970601539
2354,0.00023895635990280422
2355,0.07712630657980508
2356,7.305300390479842e-05
2357,0.9246633371276551
2358,0.09235180693527653
2359,3.815379321029799e-08
2360,0.9999993510291423
2361,0.9965437008942623
2362,1.8065999598739379e-09
2363,0.0008243578898340725
2364,0.9988668918916117
2365,0.00043918328132161195
2366,0.004915940915396417
2367,0.9998082689251152
2368,0.9992652566825952
2369,0.11453502659600186
2370,0.9767651567419813
2371,0.9238604593063147
2372,0.9999556970636098
2373,0.00048291593153089164
2374,7.077998266876601e-05
2375,0.9981604491332435
2376,0.004148736936067964
2377,0.9615791470662431
2378,0.9999999603994036
2379,0.008119546089367028
2380,0.0037690654687677697
2381,0.9995964761732833
2382,0.9998897658425159
2383,0.9999881823082105
2384,0.00023462037441446628
2385,0.9896038583089313
2386,0.0011187611059445643
2387,0.999989495214816
2388,0.999933831012574
2389,0.005265880805543169
2390,4.626891831075143e-08
2391,0.0002457153262347999
2392,0.005168076450861931
2393,0.9951765876141757
2394,0.9998384762054195
2395,0.00011415724978378975
2396,0.9324712299653167
2397,0.9999999488459466
2398,0.999875655904739
2399,0.994775482109623
2400,0.00024044553463516442
2401,1.4484893947811963e-06
2402,0.999999975493807
2403,0.0005091685586213704
2404,0.9998943501927506
2405,0.9999976097571691
2406,0.9999974807587787
2407,0.9999998845169253
2408,0.9999954402440013
2409,0.00820555161472777
2410,0.9999928640203737
2411,2.479637347061995e-06
2412,0.0009619197031924228
2413,0.9999998295331143
2414,0.0005628370952670446
2415,0.9998932922093097
2416,0.0007201538982807896
2417,0.8218134423604239
2418,0.019210323087807762
2419,7.328241291651876e-08
2420,0.9999130806484092
2421,0.01512079141972317
2422,0.0012058341365105874
2423,0.9999991287773912
2424,0.000213682557737604
2425,0.0006986023970691649
2426,0.99941948386068
2427,4.478373252776546e-06
2428,2.762741276828226e-05
2429,0.997522969921527
2430,0.00032791179072012036
2431,0.9999851412024423
2432,0.99998185075858
2433,0.0033896331687311566
2434,0.9935838247714027
2435,0.9998839346464359
2436,0.002279384341680073
2437,0.9999999381398839
2438,0.9999972410059655
2439,0.9999740407283185
2440,0.9999993231217609
2441,0.9989378647629461
2442,0.983350332163193
2443,6.63351700259552e-05
2444,0.9999999777648407
2445,4.6101236675603696e-08
2446,0.00041939767722557603
2447,0.9999908285670397
2448,0.9980763299954037
2449,0.9945754981861494
2450,2.5258996819348968e-06
2451,0.0002707675607617588
2452,0.0002002199890202405
2453,0.9995910037977689
2454,0.00015732699472012957
2455,0.0010082633806634445
2456,0.9098261563368211
2457,0.9999986556800702
2458,0.7660087677003035
2459,0.24946967295391337
2460,3.994216610253231e-06
2461,0.9999440334795731
2462,0.999693624520834
2463,0.9999661407310532
2464,0.9966787719458616
2465,0.9994076039687172
2466,9.586381047242051e-06
2467,0.059924697874086656
2468,0.9747903471288365
2469,4.3947120780934495e-07
2470,0.8690565887886748
2471,0.9999911749458193
2472,0.976572744614606
2473,4.123145971468557e-10
2474,0.999996753026994
2475,0.9161418759430299
2476,0.025637871826405395
2477,0.9852878380562338
2478,0.9998961719133953
2479,0.9994870281619144
2480,0.00013581638480222015
2481,1.243964833013259e-06
2482,0.9999940628788226
2483,0.9969350704922161
2484,2.545154844058295e-07
2485,0.5340425555931454
2486,0.9999867204312013
2487,0.9999971600773815
2488,0.0003632227215125749
2489,3.382456833292008e-05
2490,0.999939847199291
2491,0.9999804299461228
2492,7.658292695419756e-05
2493,0.9961521899836804
2494,0.9999980503378925
2495,0.9811037843697855
2496,0.9999878677412427
2497,0.7046672582824015
2498,0.0010098190463677737
2499,0.0019959937503400502
2500,0.001852148714030178
2501,0.9999422778749006
2502,0.9999956678129871
2503,0.9986140523747982
2504,0.9999274396065281
2505,0.9999999999243738
2506,0.9999981134921714
2507,0.0270125787761959
2508,0.0001045959471135629
2509,0.007454588380223415
2510,0.9999645394624483
2511,0.9996966088535423
2512,0.9889109198693907
2513,0.0009124536166911465
2514,0.9999975880605151
2515,4.087185422851003e-05
2516,1.9990839892597383e-06
2517,0.9965865148601791
2518,0.9993824254403987
2519,2.6483793790625157e-05
2520,0.9999989135027952
2521,0.9992146533986983
2522,4.7271840072791404e-09
2523,0.9999882425606073
2524,0.0022463589345038744
2525,0.00021192654756651118
2526,0.9999999362933304
2527,1.2382151061950507e-05
2528,0.9725170226555205
2529,0.9999411237441672
2530,0.9999987282968582
2531,9.327781891021096e-05
2532,0.9999630610293525
2533,0.9999994048565626
2534,0.9989289917950736
2535,0.9916086776001071
2536,0.9998946813043071
2537,3.16826113162098e-05
2538,0.9999763967673602
2539,0.0005864207179857012
2540,0.9999298665142738
2541,0.9998617019343098
2542,0.9993738439183031
2543,0.003424994551159161
2544,3.710713484133086e-05
2545,0.9999953994987215
2546,0.64539390831279
2547,0.0047712294449083455
2548,3.248152939495212e-06
2549,0.9886182396445068
2550,0.0023037414012872714
2551,0.9879660728057548
2552,0.0008707602298181033
2553,0.9988926863778846
2554,2.018795106610285e-07
2555,0.9982409136260081
2556,7.80309867408832e-06
2557,6.675434770318538e-05
2558,0.0295243892046415
2559,0.9980703184716261
2560,1.568308046355628e-05
2561,5.1215143597163637e-05
2562,0.9986032345214729
2563,0.004272095863814952
2564,0.9999979065853611
2565,1.2769953931165203e-06
2566,0.9954034351616509
2567,1.3392513601195528e-06
2568,6.54450628150004e-05
2569,0.9984850541508858
2570,3.3810280741388184e-06
2571,1.749909445249977e-06
2572,0.0005528529154593579
2573,0.9999519484427858
2574,0.9103327575739353
2575,0.04016547166977188
2576,0.9994109561710917
2577,0.9999818213201822
2578,0.9768381634165126
2579,0.0014715570172467059
2580,0.22726026153534257
2581,0.000990536040077322
2582,0.9999017744885111
2583,0.9995376844632335
2584,5.530631088197286e-05
2585,0.9965104062508393
2586,0.9986451592417733
2587,0.01674072558783455
2588,0.9993597064679701
2589,0.9971051435613351
2590,2.3154824771345559e-07
2591,0.9991171416422688
2592,0.9985764424104755
2593,0.9990903993000901
2594,0.9999894094744622
2595,0.9999791079228495
2596,0.9992538650161886
2597,0.7151427754459609
2598,0.9996780292958654
2599,0.9999780982439617
2600,0.998181512992511
2601,5.3513458158055955e-05
2602,0.9995468445394587
2603,0.1565891572514487
2604,0.9999797400790793
2605,0.8322203801553785
2606,2.602223297118719e-05
2607,0.9957748906267612
2608,0.07251192606790124
2609,6.180406859719605e-08
2610,0.9999950655096278
2611,0.9999960017376385
2612,0.004649575053398593
2613,0.9999999200471177
2614,0.0001477001363705675
2615,0.9993274047827548
2616,0.9999944333444064
2617,0.0006675576191147258
2618,0.9989535303784869
2619,0.10254278097734841
2620,0.9901300002863082
2621,0.99999927667912
2622,0.0014885931457116332
2623,0.9997269943048586
2624,9.909070036944683e-05
2625,0.9999989990892197
2626,0.0002823297042478554
2627,0.9999260211020926
2628,0.9999238178321616
2629,0.0002298080466236727
2630,0.9999978999914967
2631,7.210810637874166e-06
2632,0.0026072572640070857
2633,0.999995629385137
2634,0.999995211306711
2635,0.9999995130253532
2636,0.9930198548429839
2637,0.9999368668966095
2638,0.9997700085192115
2639,0.10153875963197377
2640,0.9383659644528871
2641,0.9860222904787889
2642,6.256270421714323e-09
2643,0.005745745227173662
2644,0.999999980544292
2645,0.5887329854322874
2646,0.5287904133534352
2647,0.8620078519521615
2648,6.240701041189563e-05
2649,0.0023116045145980596
2650,2.0244429470489404e-06
2651,5.356202913095354e-09
2652,0.0009123642187299764
2653,0.9468025331553024
2654,0.9998031700746286
2655,0.00529467427363499
2656,0.9999987622270956
2657,0.023935393276000996
2658,0.9964179599399445
2659,0.0004518177211015587
2660,0.9999938396019445
2661,1.7082962212441202e-13
2662,0.00017836471687976088
2663,2.5593663788879864e-05
2664,8.820398388563271e-05
2665,0.9992612460579287
2666,0.0024802317553589844
2667,3.0645801731252836e-08
2668,0.0034624197890283145
2669,7.693213598301744e-10
2670,0.999961797230975
2671,0.9999265951351421
2672,0.9997061463479954
2673,0.9999999996502151
2674,0.9999996900799676
2675,0.999994257937941
2676,0.9893562713966692
2677,0.9999414260680977
2678,2.2188864642716292e-07
2679,7.569389157492552e-05
2680,1.4195992706920505e-05
2681,0.9999500580797661
2682,0.05848112760144956
2683,0.4664671077006651
2684,0.9628643391812302
2685,2.3501334587866843e-08
2686,6.273449293717074e-08
2687,0.9999739387876221
2688,0.00020295207762215022
2689,0.9999088413939128
2690,0.999647653257121
2691,0.9999164066680405
2692,0.00024349510283842176
2693,0.0003197077225480106
2694,0.999417485199286
2695,0.9999852533747348
2696,0.014221233335501265
2697,0.9999999793141066
2698,3.5924173174820367e-10
2699,0.9999734241280467
2700,0.000304324160270345
2701,0.9999789786351206
2702,0.3561413779381988
2703,0.9999964592924868
2704,5.1586717317315495e-05
2705,2.023966849299494e-05
2706,0.9999848131331852
2707,0.07503564813496973
2708,0.013158380156018466
2709,0.000384895975706961
2710,0.0006768182320878775
2711,0.00015658122426075925
2712,0.9999890423409582
2713,3.7657563342486162e-06
2714,7.001543919213961e-09
2715,0.9998709760943614
2716,0.998121369997363
2717,0.9999968044753527
2718,0.9999858425561422
2719,0.9994326125268933
2720,0.992283801047376
2721,0.04768865712310794
2722,0.9999991388515095
2723,0.9576669115792233
2724,4.369679556326182e-10
2725,0.012814807693209335
2726,7.038013795438031e-06
2727,2.3034612958110915e-08
2728,0.0025019105301426585
2729,8.790309746673667e-06
2730,2.973695438504892e-09
2731,0.02100644313981119
2732,0.9999999972322715
2733,0.9835536904342235
2734,0.9999591363404017
2735,0.9660255854391634
2736,0.9999999988039554
2737,7.785906122224255e-08
2738,6.143289159996543e-05
2739,0.5007935225265899
2740,0.9999448908064342
2741,0.9999833914992815
2742,0.9999760736475993
2743,0.9999997475321409
2744,0.0029857146326534643
2745,0.9998045715284457
2746,2.3214018384064157e-05
2747,0.9999502572417915
2748,0.9998739909017038
2749,2.1643209070025625e-09
2750,0.9647912002132264
2751,0.9953535704483112
2752,0.02721822456150262
2753,6.517106203151955e-08
2754,0.9991931469869078
2755,0.9997620946696487
2756,0.9999983414821199
2757,0.00038793684362428726
2758,0.9999945634480866
2759,0.9996450478233866
2760,0.08694697314575459
2761,0.9993984791430497
2762,2.614742182304023e-05
2763,1.5977954874930807e-05
2764,0.9999940394497729
2765,5.6097884280028855e-05
2766,0.9998927992384242
2767,0.00020450664292926047
2768,2.0583420854082167e-07
2769,0.000420465679133485
2770,0.007033076879002991
2771,0.992667872237732
2772,9.116828481770863e-06
2773,0.013751175908068914
2774,0.024895381327446463
2775,4.648432675659971e-05
2776,1.2500469780565318e-05
2777,0.9999958582524765
2778,0.999988788178167
2779,0.9999740626854935
2780,0.0005255714485591689
2781,0.999988331133623
2782,0.9999927601072841
2783,4.058767702189014e-08
2784,1.0674733264228082e-05
2785,1.8979305844963965e-06
2786,0.9998726192914565
2787,0.9972670450802384
2788,2.5687879560542943e-05
2789,0.999582487585247
2790,0.05003897088769306
2791,0.9999227178263242
2792,0.0002621385012395866
2793,0.9998807916853522
2794,0.9999118062491078
2795,0.9898435509175898
2796,0.9313483034684744
2797,0.0028526918338659837
2798,0.9972396351459866
2799,0.9999949959583091
2800,9.472302360079135e-05
2801,0.0006534954119952623
2802,1.1248038940429705e-08
2803,0.9997219980645403
2804,0.9999999981730276
2805,9.359516705439747e-05
2806,0.9999395823918797
2807,5.460818667373898e-05
2808,2.4263931617739707e-06
2809,0.9998252755024861
2810,0.9999378105478601
2811,0.9999962937041315
2812,0.026705352907792603
2813,0.21699660132834547
2814,0.9904595108803363
2815,6.576153853637459e-05
2816,0.999981230286395
2817,0.9886829983017364
2818,0.0005816188660252583
2819,1.7114909896974904e-11
2820,0.9968084165901686
2821,3.418191418277262e-06
2822,0.0026345809855904687
2823,0.9999635122185218
2824,0.9992923666579195
2825,0.9989821019350082
2826,0.9995737223001
2827,1.8181746546646483e-06
2828,0.9935888327055817
2829,0.9970727507424566
2830,0.019658978267083675
2831,1.1100418983263255e-06
2832,0.8861922537003336
2833,2.557756528527563e-05
2834,0.9732716171202755
2835,0.0004844198853815302
2836,3.506948209611698e-10
2837,0.9685590252344453
2838,0.9999975459427431
2839,0.9835960946508632
2840,1.5449599139189417e-05
2841,3.462330864207237e-09
2842,0.00013248204891647548
2843,5.611839669581664e-07
2844,0.9653795204932565
2845,9.4879693831621e-06
2846,0.9999024450186937
2847,0.9999133270398695
2848,0.9999395957833775
2849,0.009362763161292646
2850,0.009697200140756116
2851,9.782806632730085e-08
2852,0.9970214017805163
2853,0.00010574988498633899
2854,0.9983214728771833
2855,0.015138939347234039
2856,0.00012203311307118154
2857,1.1701539514909805e-06
2858,1.928950028301541e-10
2859,0.9993725023490824
2860,0.003265900295502612
2861,0.9999857038804324
2862,0.9999978551791044
2863,0.9999932572013919
2864,0.003508192959728555
2865,0.8039323210016676
2866,0.9990518415632321
2867,0.9998881937849041
2868,0.00045844003253365135
2869,0.011383841737730504
2870,0.9999999004298578
2871,0.0005527438302552513
2872,0.9999999957687813
2873,0.9891812961609351
2874,6.376810470246524e-07
2875,0.0017257216127617512
2876,0.9986037343359847
2877,0.0010435788649051827
2878,0.9999958372163893
2879,0.9999717013771916
2880,0.9999496609379025
2881,0.00016078635679854614
2882,0.9999608070232837
2883,0.9999998784961223
2884,7.352783100378315e-06
2885,1.36467430375208e-09
2886,0.9984862776557383
2887,0.0006000871655284723
2888,0.0004304268503189188
2889,0.9999788280579026
2890,0.9999957222058307
2891,0.989874436563339
2892,0.990360135330628
2893,0.9998815342438878
2894,0.0007417550557429789
2895,0.9996669627242422
2896,0.9999916040792416
2897,0.9999609633691834
2898,9.875965448202269e-05
2899,0.9815450577129019
2900,0.009318620211174052
2901,0.9999939277122374
2902,0.999652258184228
2903,0.9999003568861243
2904,0.04529910786387909
2905,0.999978118661851
2906,0.9999425647829346
2907,0.003973745464673817
2908,3.782037901916356e-08
2909,0.7510426357836432
2910,0.9974768198310994
2911,9.645660730401207e-07
2912,0.9501630460831424
2913,4.375704147531126e-09
2914,0.976448611533677
2915,0.9997334392971984
2916,0.9996220972740408
2917,0.9999905160399548
2918,0.9999949167408212
2919,0.9998513364069656
2920,0.00032969832163016566
2921,0.9992507572701339
2922,0.9999896495774157
2923,0.9999946303538608
2924,0.0005893836859927027
2925,0.9988414573560214
2926,0.9999893433315685
2927,2.1684334086962638e-05
2928,8.926717046557e-11
2929,1.3705459932347328e-08
2930,0.975816353713288
2931,0.9999464832973043
2932,0.8478886803542941
2933,0.0004644992666785079
2934,0.9996748440050317
2935,0.9907436736419635
2936,0.9999992417905668
2937,0.0020093068029670836
2938,0.0002784246047017614
2939,0.9999443884058127
2940,0.0001662968235535071
2941,0.0012129163965342326
2942,0.9991356314176306
2943,1.3602550125718247e-05
2944,0.0001940848825206382
2945,0.9983676873743693
2946,0.9999999073416818
2947,0.0015522777462031615
2948,2.3846374138875384e-08
2949,0.9997541194577968
2950,0.01311515482100372
2951,0.5790317929140115
2952,0.0027731563326149986
2953,0.9996043997493403
2954,0.07303776892226023
2955,0.9999595831238874
2956,5.422919366807169e-09
2957,0.003277247070797194
2958,0.9999938291443798
2959,0.007812809233381629
2960,0.9769293310261069
2961,0.007773444910404011
2962,0.9999991766121871
2963,0.9999830145162659
2964,4.9662815856215695e-05
2965,0.9993848640105573
2966,8.551672714953035e-06
2967,0.9927828855961954
2968,0.9999841377556159
2969,5.61958552409697e-09
2970,0.9999999711156999
2971,0.9999996133769737
2972,0.00041286800674207727
2973,0.9977336011388457
2974,0.0005144189329740491
2975,0.9999995417569348
2976,0.9997865176367955
2977,0.9954103303724072
2978,0.0009813292842115052
2979,0.9943979856384553
2980,5.422736504673252e-06
2981,3.1246866070679426e-08
2982,7.794131216024557e-05
2983,0.9954996685459406
2984,0.9999999530648349
2985,0.0004992174154338032
2986,1.2457463844349707e-05
2987,0.0027265499048245265
2988,0.9999052337598676
2989,7.068492832529946e-08
2990,1.2030824685339972e-05
2991,0.9991371198119663
2992,0.9986223883891512
2993,0.0005665818830698944
2994,0.9995275279542951
2995,0.9999910270132356
2996,0.00014836088324447923
2997,0.9975215952054743
2998,0.915132788573083
2999,0.9978913397307196
3000,0.6214684876408628
3001,6.118277790108274e-05
3002,0.9999893224831378
3003,0.9976830223101081
3004,0.9957589718534118
3005,0.9999987720976101
3006,0.9999744813034986
3007,0.9999999930879093
3008,8.372989421839069e-09
3009,0.07027400474897491
3010,2.6613852629607516e-05
3011,6.1549279881363575e-06
3012,0.9998544025790713
3013,3.151614856435264e-09
3014,0.9988314858091019
3015,0.9999864924117667
3016,0.003994728516785067
3017,0.9999938051076983
3018,0.9978630314885698
3019,0.9996368752830249
3020,0.00024523872768394836
3021,0.9999412357666003
3022,0.9999999481095123
3023,0.9992611444937047
3024,0.0009853882111156883
3025,0.9953002151535821
3026,0.9999617315906058
3027,0.0015178411174876201
3028,0.0005025320608423538
3029,0.001269864989221825
3030,0.9999801673685561
3031,0.9999513185336723
3032,0.0003222672710460134
3033,0.00033459760632336186
3034,4.2223404199055505e-05
3035,0.9999282510424545
3036,1.4190907335861095e-05
3037,0.004221819577110365
3038,0.9925487231373297
3039,0.9999026791945853
3040,0.9841595182488047
3041,0.9997180741261801
3042,0.00027409350155509037
3043,0.9163501008015699
3044,0.0007577619011864769
3045,0.00010548737885496886
3046,0.9999998472563991
3047,0.9961196648365374
3048,0.0008619184789565515
3049,0.999959208707732
3050,0.9998907406054102
3051,0.9535499601157282
3052,0.5249672581930747
3053,0.9983125814188167
3054,0.0030784215848027544
3055,9.676923874747953e-05
3056,0.9957552671343783
3057,0.00017180096690455157
3058,0.0006275056332413028
3059,0.01585535706477992
3060,0.9963052277835149
3061,0.0005016919249221083
3062,0.9857937776561128
3063,4.017772476609452e-05
3064,3.9299737085310015e-08
3065,0.9973832648327733
3066,2.807128185508963e-07
3067,0.9999987215342951
3068,3.018298230461977e-08
3069,0.9999987905153924
3070,0.9986904359780974
3071,0.9981783388764268
3072,0.0001284503701691534
3073,0.00017753557364945223
3074,0.9999950039645906
3075,0.9995531549782416
3076,0.9999016027801514
3077,0.4693132642797537
3078,1.816352570829017e-07
3079,0.9999955520233288
3080,0.9603573246338979
3081,0.9995830241809859
3082,2.9046405699117546e-05
3083,5.021911497649694e-09
3084,0.003930232952548168
3085,0.000380063026010498
3086,0.9999967719106113
3087,0.0006975832803326581
3088,1.271176146298133e-05
3089,3.322267475388353e-07
3090,0.0022292685864406217
3091,0.9999999892177208
3092,0.9987245099903937
3093,1.0120416425861502e-08
3094,0.7710516099841258
3095,0.0011600899367488874
3096,0.9541487333343455
3097,1.911764879946551e-05
3098,0.9981697132331131
3099,0.9999221248225336
3100,0.999616506816269
3101,0.01471404806264879
3102,0.9999692913794758
3103,0.0003914907795856473
3104,0.9996403499527403
3105,0.0009349036203858726
3106,0.0007226348872159183
3107,0.3762721635122929
3108,0.024049430561200163
3109,0.002332124187133034
3110,0.005102928162958704
3111,0.9995251557637779
3112,0.9998080019331422
3113,0.9845705810542736
3114,0.9963209809222295
3115,0.0004153838166488478
3116,0.0001001683235207003
3117,0.9999414741334164
3118,0.9961176782318336
3119,0.0020919116009142998
3120,0.9998817726150181
3121,0.000499694167820792
3122,0.002114251369672053
3123,3.525730982312129e-05
3124,0.999998231874068
3125,0.9834497668163648
3126,9.853134359456391e-08
3127,0.9999997626890927
3128,0.9999665628202828
3129,7.958578825564929e-07
3130,0.9778461433957328
3131,0.9831501484014281
3132,0.029475457658122393
3133,0.0018165738388935505
3134,0.9962244153445191
3135,0.17200141636976918
3136,0.9997683868571554
3137,0.9999917522065034
3138,0.01045100503616525
3139,0.05132576594852082
3140,0.9999555604561865
3141,1.5178270154527702e-06
3142,0.9994418594109568
3143,0.9999966034753766
3144,0.0006636808452988324
3145,0.9999892376546475
3146,0.9999809366419029
3147,0.9996037481619477
3148,0.9997884041107636
3149,0.99718362078349
3150,0.0005299731194393059
3151,0.999944806250897
3152,5.430319399512804e-07
3153,7.58194257872163e-09
3154,0.9985133319729331
3155,0.023295769609349558
3156,0.9609420985651806
3157,0.9999123638408912
3158,0.001428086264990428
3159,1.591526582137486e-05
3160,0.0004495286753521343
3161,1.6092336225955215e-06
3162,0.003987641676916175
3163,0.9998698058403832
3164,5.042924011608886e-05
3165,0.99994178322243
3166,0.0581244223037463
3167,3.0167269474460308e-05
3168,0.03469012697659013
3169,0.11398221010189041
3170,0.9990322320161314
3171,0.999931834647022
3172,0.9999887108046142
3173,0.9995480693951684
3174,0.9999926409132173
3175,9.350974591753736e-07
3176,0.9999393800014575
3177,0.9999151141785664
3178,0.0001568135858898417
3179,0.9714356218224455
3180,0.9964272762944392
3181,0.00139215990554006
3182,3.1583956407347754e-05
3183,0.9993264757471717
3184,0.0011402259932906532
3185,0.963140504806403
3186,0.0013873455462222342
3187,0.007783289772809075
3188,2.3741496981748227e-08
