<annotation>
	<folder>toy_images</folder>
	<filename>toy48.jpg</filename>
	<path>/home/animesh/Documents/grocery_detection/toy_exptt/toy_images/toy48.jpg</path>
	<source>
		<database>Unknown</database>
	</source>
	<size>
		<width>500</width>
		<height>300</height>
		<depth>3</depth>
	</size>
	<segmented>0</segmented>
	<object>
		<name>toy</name>
		<pose>Unspecified</pose>
		<truncated>0</truncated>
		<difficult>0</difficult>
		<bndbox>
			<xmin>185</xmin>
			<ymin>110</ymin>
			<xmax>315</xmax>
			<ymax>239</ymax>
		</bndbox>
	</object>
</annotation>
